-- phpMyAdmin SQL Dump
-- version 5.2.1
-- https://www.phpmyadmin.net/
--
-- Hôte : 127.0.0.1
-- Généré le : lun. 18 déc. 2023 à 18:49
-- Version du serveur : 10.4.32-MariaDB
-- Version de PHP : 8.2.12

SET SQL_MODE = "NO_AUTO_VALUE_ON_ZERO";
START TRANSACTION;
SET time_zone = "+00:00";


/*!40101 SET @OLD_CHARACTER_SET_CLIENT=@@CHARACTER_SET_CLIENT */;
/*!40101 SET @OLD_CHARACTER_SET_RESULTS=@@CHARACTER_SET_RESULTS */;
/*!40101 SET @OLD_COLLATION_CONNECTION=@@COLLATION_CONNECTION */;
/*!40101 SET NAMES utf8mb4 */;

--
-- Base de données : `boissons`
--

-- --------------------------------------------------------

--
-- Structure de la table `favoriterecipes`
--

CREATE TABLE `favoriterecipes` (
  `user_id` int(11) NOT NULL,
  `recipe_id` int(11) NOT NULL
) ENGINE=InnoDB DEFAULT CHARSET=utf8mb4 COLLATE=utf8mb4_general_ci;

-- --------------------------------------------------------

--
-- Structure de la table `foodhierarchy`
--

CREATE TABLE `foodhierarchy` (
  `food_id` int(11) NOT NULL,
  `name` varchar(255) DEFAULT NULL
) ENGINE=InnoDB DEFAULT CHARSET=utf8mb4 COLLATE=utf8mb4_general_ci;

--
-- Déchargement des données de la table `foodhierarchy`
--

INSERT INTO `foodhierarchy` (`food_id`, `name`) VALUES
(1, 'Épice'),
(2, 'Épice commune'),
(3, 'Épice européenne'),
(4, 'Vanille'),
(5, 'Boisson gazeuse non alcoolisée'),
(6, 'Coca-cola'),
(7, 'Limonade'),
(8, 'Schweppes'),
(9, 'Soda'),
(10, 'Fruit à noyau'),
(11, 'Cerise'),
(12, 'Pêche'),
(13, 'Eau de vie de fruits'),
(14, 'Alcool de prune'),
(15, 'Brandy de pommes'),
(16, 'Cachaça'),
(17, 'Kirsch'),
(18, 'Fruit sec'),
(19, 'Pistache'),
(20, 'Liqueur anisée'),
(21, 'Pastis'),
(22, 'Fruit'),
(23, 'Agrume'),
(24, 'Baie'),
(25, 'Cannelle'),
(26, 'Fruit à pepin'),
(27, 'Fruit tropical commun'),
(28, 'Fruit tropical exotique'),
(29, 'Melon'),
(30, 'Citron'),
(31, 'Citron vert'),
(32, 'Kumquat'),
(33, 'Mandarine'),
(34, 'Orange'),
(35, 'Pamplemousse'),
(36, 'Partie d\'agrumes'),
(37, 'Assaisonnement'),
(38, 'Condiment'),
(39, 'Herbe'),
(40, 'Liqueur'),
(41, 'Rhizome'),
(42, 'Sel'),
(43, 'Sirop'),
(44, 'Sucre'),
(45, 'Légume'),
(46, 'Jus de légumes'),
(47, 'Légume-fruit'),
(48, 'Légume tige'),
(49, 'Condiment Européen'),
(50, 'Raifort'),
(51, 'Sauce worcestershire'),
(52, 'Lait'),
(53, 'Lait de coco'),
(54, 'Lait de soja'),
(55, 'Lait entier'),
(56, 'Liquide'),
(57, 'Alcool'),
(58, 'Boisson gazeuse'),
(59, 'Bouillons'),
(60, 'Café'),
(61, 'Eau'),
(62, 'Jus'),
(63, 'Amer'),
(64, 'Boisson gazeuse alcoolisée'),
(65, 'Jus d\'ananas'),
(66, 'Vin'),
(67, 'Spiritueux'),
(68, 'Alcool de grain'),
(69, 'Brandy'),
(70, 'Cidre de pommes'),
(71, 'Rhum'),
(72, 'Tequila'),
(73, 'Vodka'),
(74, 'Whisky'),
(75, 'Gin'),
(76, 'Saké'),
(77, 'Vin blanc'),
(78, 'Vin de dessert'),
(79, 'Vin effervescent'),
(80, 'Vin rosé'),
(81, 'Noix et graine oléagineuse'),
(82, 'Angostura'),
(83, 'Ananas'),
(84, 'Banane'),
(85, 'Mangue'),
(86, 'Noix de coco'),
(87, 'Herbe commune'),
(88, 'Menthe'),
(89, 'Liqueur amère'),
(90, 'Aperol'),
(91, 'Campari'),
(92, 'Cognac'),
(93, 'Herbe Africaine'),
(94, 'Herbe Asiatique'),
(95, 'Céleri'),
(96, 'Condiment Américain'),
(97, 'Cava'),
(98, 'Champagne'),
(99, 'Crémant'),
(100, 'Aliments divers'),
(101, 'Glaçon'),
(102, 'Glace pilée'),
(103, 'Ingrédient glacé'),
(104, 'Concombre'),
(105, 'Bouillon'),
(106, 'Jus de tomates'),
(107, 'Autre liqueur'),
(108, 'Crème de liqueur'),
(109, 'Liqueur à base de plantes'),
(110, 'Liqueur de fruit'),
(111, 'Get 27'),
(112, 'Liqueur de café'),
(113, 'Malibu'),
(114, 'Autre sirop'),
(115, 'Sirop aux fruits'),
(116, 'Sirop à la menthe'),
(117, 'Sirop d\'orgeat'),
(118, 'Sirop de sangria'),
(119, 'Sirop de sucre de canne'),
(120, 'Sirop de gratte cul'),
(121, 'Sirop de roses'),
(122, 'Muscade'),
(123, 'Poivre'),
(124, 'Gingembre'),
(125, 'Partie d\'orange'),
(126, 'Jus d\'orange'),
(127, 'Partie de citron'),
(128, 'Jus de citron'),
(129, 'Tranche de citron'),
(130, 'Zeste de citron'),
(131, 'Cassis'),
(132, 'Fraise'),
(133, 'Framboise'),
(134, 'Kiwi'),
(135, 'Vin muté'),
(136, 'Basilic'),
(137, 'Citronnelle'),
(138, 'Coriandre'),
(139, 'Bénédictine'),
(140, 'Mangalore'),
(141, 'Bière'),
(142, 'Bière de fermentation haute'),
(143, 'Stout (bière)'),
(144, 'Prosecco'),
(145, 'Vin blanc sec'),
(146, 'Sel de céleri'),
(147, 'Calvados'),
(148, 'Sucre roux'),
(149, 'Cassonade'),
(150, 'Cerise griotte'),
(151, 'Cidre brut'),
(152, 'Partie de citron vert'),
(153, 'Clémentine'),
(154, 'Triple sec'),
(155, 'Cointreau'),
(156, 'Sauce au piment rouge'),
(157, 'Produit laitier'),
(158, 'Crème'),
(159, 'Yaourt'),
(160, 'Crème fraiche'),
(161, 'Crème de café'),
(162, 'Crème de cassis'),
(163, 'Crème de noix de coco'),
(164, 'Grenadine'),
(165, 'Sirop d\'abricot'),
(166, 'Sirop d\'agrumes'),
(167, 'Sirop d\'oranges'),
(168, 'Sirop de baies'),
(169, 'Sirop de citrons'),
(170, 'Sirop de fruit de la passion'),
(171, 'Sirop de grenadine'),
(172, 'Sirop de noix de coco'),
(173, 'Sirop de pêche'),
(174, 'Crème liquide'),
(175, 'Crème glacée'),
(176, 'Sorbet'),
(177, 'Crème glacée à la noix de coco'),
(178, 'Liqueur d\'orange'),
(179, 'Curaçao'),
(180, 'Grand marnier'),
(181, 'Curaçao bleu'),
(182, 'Eau gazeuse'),
(183, 'Eau minérale gazeuse'),
(184, 'Perrier'),
(185, 'Noix de muscade'),
(186, 'Sucre en poudre'),
(187, 'Sucre vanillé'),
(188, 'Pomme'),
(189, 'Litchi'),
(190, 'Jus de fruits'),
(191, 'Jus d\'abricots'),
(192, 'Jus d\'agrumes'),
(193, 'Jus de baies'),
(194, 'Jus de bananes'),
(195, 'Jus de canneberge'),
(196, 'Jus de cerises'),
(197, 'Jus de fruits de la passion'),
(198, 'Jus de fruit de la passion'),
(199, 'Jus de goyave'),
(200, 'Jus de litchis'),
(201, 'Jus de mangue'),
(202, 'Jus de pêches'),
(203, 'Jus de poires'),
(204, 'Jus de pommes'),
(205, 'Jus de raisins'),
(206, 'Jus multivitaminé'),
(207, 'Jus de citrons verts'),
(208, 'Jus de pamplemousse'),
(209, 'Jus de framboises'),
(210, 'Zeste de citron vert'),
(211, 'Partie de paplemousse'),
(212, 'Liqueur de citron'),
(213, 'Limoncello'),
(214, 'Liqueur d\'abricot'),
(215, 'Liqueur d\'agrume'),
(216, 'Liqueur de fraises'),
(217, 'Liqueur de litchi'),
(218, 'Liqueur de poire'),
(219, 'Liqueur de pommes'),
(220, 'Pisang Ambon'),
(221, 'Porto'),
(222, 'Vermouth'),
(223, 'Martini'),
(224, 'Noilly Prat'),
(225, 'Martini blanc'),
(226, 'Martini rosé'),
(227, 'Martini rouge'),
(228, 'Melon vert'),
(229, 'Pastèque'),
(230, 'Orange sanguine'),
(231, 'Rhum ambré'),
(232, 'Rhum blanc'),
(233, 'Sauce tabasco'),
(234, 'Sirop de cassis'),
(235, 'Sirop de fraises'),
(236, 'Sorbet citron vert'),
(237, 'Sucre de canne en poudre'),
(238, 'Aliment'),
(239, 'Oeuf');

-- --------------------------------------------------------

--
-- Structure de la table `hierarchyrelationships`
--

CREATE TABLE `hierarchyrelationships` (
  `parent_food_id` int(11) NOT NULL,
  `child_food_id` int(11) NOT NULL
) ENGINE=InnoDB DEFAULT CHARSET=utf8mb4 COLLATE=utf8mb4_general_ci;

--
-- Déchargement des données de la table `hierarchyrelationships`
--

INSERT INTO `hierarchyrelationships` (`parent_food_id`, `child_food_id`) VALUES
(1, 2),
(1, 3),
(1, 4),
(2, 25),
(2, 122),
(2, 123),
(3, 124),
(5, 6),
(5, 7),
(5, 8),
(5, 9),
(10, 11),
(10, 12),
(11, 150),
(13, 14),
(13, 15),
(13, 16),
(13, 17),
(15, 147),
(18, 19),
(20, 21),
(22, 10),
(22, 18),
(22, 23),
(22, 24),
(22, 25),
(22, 26),
(22, 27),
(22, 28),
(22, 29),
(23, 30),
(23, 31),
(23, 32),
(23, 33),
(23, 34),
(23, 35),
(23, 36),
(24, 131),
(24, 132),
(24, 133),
(24, 134),
(26, 188),
(27, 83),
(27, 84),
(27, 85),
(27, 86),
(28, 189),
(29, 228),
(29, 229),
(30, 127),
(31, 152),
(33, 153),
(34, 230),
(35, 211),
(36, 125),
(36, 127),
(36, 152),
(36, 211),
(37, 1),
(37, 38),
(37, 39),
(37, 40),
(37, 41),
(37, 42),
(37, 43),
(37, 44),
(38, 49),
(38, 96),
(39, 87),
(39, 93),
(39, 94),
(40, 20),
(40, 67),
(40, 89),
(40, 107),
(40, 108),
(40, 109),
(40, 110),
(41, 124),
(42, 146),
(43, 114),
(43, 115),
(43, 116),
(43, 117),
(43, 118),
(43, 119),
(44, 148),
(44, 186),
(44, 187),
(45, 41),
(45, 46),
(45, 47),
(45, 48),
(46, 106),
(47, 104),
(48, 95),
(49, 50),
(49, 51),
(52, 53),
(52, 54),
(52, 55),
(56, 43),
(56, 52),
(56, 57),
(56, 58),
(56, 59),
(56, 60),
(56, 61),
(56, 62),
(57, 40),
(57, 63),
(57, 64),
(57, 65),
(57, 66),
(58, 5),
(58, 64),
(59, 105),
(61, 182),
(62, 7),
(62, 46),
(62, 190),
(63, 82),
(64, 70),
(64, 79),
(64, 141),
(66, 76),
(66, 77),
(66, 78),
(66, 79),
(66, 80),
(67, 68),
(67, 69),
(67, 70),
(67, 71),
(67, 72),
(67, 73),
(67, 74),
(68, 75),
(69, 13),
(69, 92),
(70, 151),
(71, 231),
(71, 232),
(77, 144),
(77, 145),
(78, 135),
(79, 97),
(79, 98),
(79, 99),
(81, 19),
(87, 88),
(89, 90),
(89, 91),
(93, 138),
(94, 136),
(94, 137),
(94, 138),
(95, 146),
(96, 156),
(100, 101),
(100, 102),
(100, 103),
(103, 175),
(103, 176),
(105, 106),
(107, 111),
(107, 112),
(107, 113),
(108, 161),
(108, 162),
(108, 163),
(109, 139),
(109, 140),
(110, 214),
(110, 215),
(110, 216),
(110, 217),
(110, 218),
(110, 219),
(110, 220),
(114, 120),
(114, 121),
(115, 162),
(115, 164),
(115, 165),
(115, 166),
(115, 167),
(115, 168),
(115, 169),
(115, 170),
(115, 171),
(115, 172),
(115, 173),
(122, 185),
(125, 126),
(127, 128),
(127, 129),
(127, 130),
(135, 221),
(135, 222),
(141, 142),
(142, 143),
(148, 149),
(152, 207),
(152, 210),
(154, 155),
(156, 233),
(157, 52),
(157, 158),
(157, 159),
(158, 160),
(160, 174),
(168, 234),
(168, 235),
(175, 177),
(176, 236),
(178, 154),
(178, 179),
(178, 180),
(179, 181),
(182, 183),
(182, 184),
(186, 237),
(190, 65),
(190, 106),
(190, 191),
(190, 192),
(190, 193),
(190, 194),
(190, 195),
(190, 196),
(190, 197),
(190, 198),
(190, 199),
(190, 200),
(190, 201),
(190, 202),
(190, 203),
(190, 204),
(190, 205),
(190, 206),
(192, 126),
(192, 128),
(192, 207),
(192, 208),
(193, 209),
(211, 208),
(212, 213),
(215, 178),
(215, 212),
(222, 223),
(222, 224),
(223, 225),
(223, 226),
(223, 227),
(238, 22),
(238, 37),
(238, 45),
(238, 56),
(238, 81),
(238, 100),
(238, 157),
(238, 239);

-- --------------------------------------------------------

--
-- Structure de la table `ingredients`
--

CREATE TABLE `ingredients` (
  `ingredient_id` int(11) NOT NULL,
  `nom` varchar(255) DEFAULT NULL
) ENGINE=InnoDB DEFAULT CHARSET=utf8mb4 COLLATE=utf8mb4_general_ci;

--
-- Déchargement des données de la table `ingredients`
--

INSERT INTO `ingredients` (`ingredient_id`, `nom`) VALUES
(1, 'Malibu'),
(2, ' Cerise'),
(3, ' Jus de goyave'),
(4, ' Cerise griotte'),
(5, 'Aperol'),
(6, ' Prosecco'),
(7, ' Glaçon'),
(8, ' Orange sanguine'),
(9, ' Eau gazeuse'),
(10, 'Curaçao'),
(11, ' Rhum blanc'),
(12, ' Tequila'),
(13, ' Martini'),
(14, ' Sirop de sucre de canne'),
(15, 'Stout (bière)'),
(16, ' Champagne'),
(17, 'Vodka'),
(18, ' Jus de tomates'),
(19, ' Jus de citron'),
(20, ' Sauce worcestershire'),
(21, ' Sauce tabasco'),
(22, ' Sel de céleri'),
(23, ' Poivre'),
(24, 'Jus d\'ananas'),
(25, ' Jus de fruits de la passion'),
(26, ' Sirop de grenadine'),
(27, 'Concombre'),
(28, ' Citron'),
(29, ' Sucre'),
(30, 'Cachaça'),
(31, ' Citron vert'),
(32, ' Sucre en poudre'),
(33, 'Sucre roux'),
(34, ' Angostura'),
(35, ' Cognac'),
(36, 'Noilly Prat'),
(37, 'Rhum'),
(38, ' Cointreau'),
(39, 'Cava'),
(40, ' Vodka'),
(41, ' Zeste de citron vert'),
(42, 'Champagne'),
(43, ' Saké'),
(44, ' Coriandre'),
(45, 'Vin effervescent'),
(46, ' Curaçao'),
(47, ' Triple sec'),
(48, ' Sirop de citrons'),
(49, ' Sirop d\'oranges'),
(50, ' Sucre de canne en poudre'),
(51, 'Fraise'),
(52, ' Jus d\'orange'),
(53, ' Sirop de fraises'),
(54, ' Limonade'),
(55, 'Cognac'),
(56, ' Jus d\'abricots'),
(57, 'Whisky'),
(58, ' Crème de cassis'),
(59, ' Bénédictine'),
(60, ' Pastis'),
(61, 'Martini blanc'),
(62, ' Jus de pamplemousse'),
(63, 'Martini'),
(64, ' Jus multivitaminé'),
(65, 'Jus d\'orange'),
(66, ' Vin blanc'),
(67, 'Tequila'),
(68, ' Jus d\'ananas'),
(69, ' Jus de pommes'),
(70, ' Sucre vanillé'),
(71, ' Menthe'),
(72, 'Jus d\'abricots'),
(73, ' Liqueur'),
(74, 'Jus de pamplemousse'),
(75, ' Framboise'),
(76, ' Jus de canneberge'),
(77, 'Jus de cerises'),
(78, ' Alcool de prune'),
(79, 'Vin blanc sec'),
(80, ' Orange'),
(81, ' Rhum'),
(82, ' Perrier'),
(83, 'Vin blanc'),
(84, ' Vin effervescent'),
(85, ' Agrume'),
(86, 'Cidre brut'),
(87, 'Kumquat'),
(88, ' Litchi'),
(89, ' Clémentine'),
(90, ' Eau'),
(91, 'Orange'),
(92, ' Rhum ambré'),
(93, ' Limoncello'),
(94, ' Fraise'),
(95, 'Framboise'),
(96, ' Kirsch'),
(97, ' Crémant'),
(98, 'Melon'),
(99, 'Liqueur de café'),
(100, ' Whisky'),
(101, ' Lait'),
(102, 'Glace pilée'),
(103, ' Campari'),
(104, ' Noilly Prat'),
(105, ' Gin'),
(106, ' Jus de citrons verts'),
(107, ' Zeste de citron'),
(108, 'Sirop à la menthe'),
(109, ' Tranche de citron'),
(110, ' Crème glacée à la noix de coco'),
(111, ' Vanille'),
(112, 'Noix de coco'),
(113, 'Crème de noix de coco'),
(114, ' Jus de bananes'),
(115, 'Banane'),
(116, ' Pomme'),
(117, ' Kiwi'),
(118, ' Cassonade'),
(119, 'Lait de coco'),
(120, ' Ananas'),
(121, 'Pomme'),
(122, ' Calvados'),
(123, ' Cassis'),
(124, ' Sirop de gratte cul'),
(125, ' Pamplemousse'),
(126, 'Jus de mangue'),
(127, ' Jus de fruit de la passion'),
(128, 'Liqueur d\'abricot'),
(129, ' Liqueur de pommes'),
(130, ' Jus de poires'),
(131, 'Limonade'),
(132, ' Sirop de fruit de la passion'),
(133, 'Jus de citrons verts'),
(134, ' Jus de mangue'),
(135, ' Banane'),
(136, ' Mangue'),
(137, 'Prosecco'),
(138, ' Jus de litchis'),
(139, ' Jus de baies'),
(140, 'Vin rosé'),
(141, ' Sirop d\'agrumes'),
(142, 'Pastèque'),
(143, ' Yaourt'),
(144, ' Sirop de roses'),
(145, 'Martini rosé'),
(146, ' Eau minérale gazeuse'),
(147, 'Bière'),
(148, ' Lait de coco'),
(149, ' Lait de soja'),
(150, ' Café'),
(151, 'Pamplemousse'),
(152, ' Glace pilée'),
(153, ' Sucre roux'),
(154, ' Pisang Ambon'),
(155, ' Grenadine'),
(156, ' Crème fraiche'),
(157, ' Pistache'),
(158, ' Jus de raisins'),
(159, ' Schweppes'),
(160, ' Baie'),
(161, 'Liqueur de litchi'),
(162, ' Liqueur de fraises'),
(163, 'Jus de canneberge'),
(164, 'Jus de pommes'),
(165, ' Gingembre'),
(166, ' Sirop de cassis'),
(167, ' Citronnelle'),
(168, 'Melon vert'),
(169, ' Noix de coco'),
(170, ' Malibu'),
(171, ' Crème de café'),
(172, ' Lait entier'),
(173, ' Sirop de noix de coco'),
(174, 'Rhum blanc'),
(175, ' Vermouth'),
(176, ' Coca-cola'),
(177, 'Sorbet citron vert'),
(178, ' Sirop à la menthe'),
(179, 'Gin'),
(180, 'Gingembre'),
(181, 'Grand marnier'),
(182, ' Get 27'),
(183, ' Sirop d\'orgeat'),
(184, ' Sel'),
(185, ' Basilic'),
(186, 'Sucre de canne en poudre'),
(187, 'Campari'),
(188, ' Martini rouge'),
(189, ' Soda'),
(190, 'Citron vert'),
(191, ' Jus de framboises'),
(192, 'Crème liquide'),
(193, ' Crème de noix de coco'),
(194, 'Porto'),
(195, ' Oeuf'),
(196, ' Cannelle'),
(197, ' Noix de muscade'),
(198, ' Pêche'),
(199, ' Raifort'),
(200, ' Curaçao bleu'),
(201, 'Sirop de fraises'),
(202, ' Jus de pêches'),
(203, ' Liqueur de poire'),
(204, 'Cidre de pommes'),
(205, 'Sirop de sangria'),
(206, ' Fruit'),
(207, 'Mangalore'),
(208, ' Sirop d\'abricot'),
(209, 'Sirop de grenadine'),
(210, 'Cointreau'),
(211, ' Sirop de pêche'),
(212, ' Liqueur de litchi');

-- --------------------------------------------------------

--
-- Structure de la table `recipes`
--

CREATE TABLE `recipes` (
  `recipe_id` int(11) NOT NULL,
  `title` varchar(255) DEFAULT NULL,
  `preparation` text DEFAULT NULL,
  `photo_path` varchar(255) DEFAULT NULL,
  `ingredients` text DEFAULT NULL,
  `food_index` text DEFAULT NULL
) ENGINE=InnoDB DEFAULT CHARSET=utf8mb4 COLLATE=utf8mb4_general_ci;

--
-- Déchargement des données de la table `recipes`
--

INSERT INTO `recipes` (`recipe_id`, `title`, `preparation`, `photo_path`, `ingredients`, `food_index`) VALUES
(1, 'Alerte à Malibu (Boisson de la couleurs des fameux maillots de bains... ou presque)', 'Mélanger tous les ingrédients ensemble dans un grand pichet. Placer au frais au moins 3 heures avant de déguster. Tchin tchin !!', NULL, '50 cl de malibu coco|50 cl de gloss cerise|1 l de jus de goyave blanche|1 poignée de griottes', 'Malibu, Cerise, Jus de goyave, Cerise griotte'),
(2, 'Aperol Spritz : Boisson italien pétillant', 'Préparer la quantité de Boisson souhaitée en respectant les proportions ! Garnir de glaçons et d\'un morceau d\'orange (sanguine si possible). Santé !', NULL, '1 verre d\'aperol|3 verres de vin blanc pétillant type prosecco|5 glaçons|1 orange sanguine|2 verres d\'eau pétillante', 'Aperol, Prosecco, Glaçon, Orange sanguine, Eau gazeuse'),
(3, 'Aquarium', 'Préparer le mélange dans un récipient transparent, ressemblant le plus possible à un aquarium, si vous n\'en avez pas! Mélanger. Ajouter des glaçons, et placer le tout au frigo. Décorer votre récipient, en y incorporant les éléments de déco. L\'effet aquarium doit être surprenant!Les proportions sont à adapter en fonction du nombre de personnes. Ce Boisson se boit normalement à la paille.', NULL, '1/5 de curaçao|1/5 de rhum blanc|1/5 de tequila|1/5 de martini dry|1/5 de sirop de sucre de canne', 'Curaçao, Rhum blanc, Tequila, Martini, Sirop de sucre de canne'),
(4, 'Black velvet', 'Verser le champagne dans un verre et ajouter la bière', NULL, '12 cl de stout|12 cl de champagne', 'Stout (bière), Champagne'),
(5, 'Bloody Mary', 'Mélanger les 4 premiers ingrédients directement dans un verre ou dans un verre à mélange avec des glaçons (pour refroidir sans trop diluer). Ajouter à convenance tabasco, sel de céleri et poivre.', NULL, '4 cl de vodka|12 cl de jus de tomates|0.5 cl de jus de citron|0.5 cl de sauce worcestershire|tabasco|sel de céleri|poivre', 'Vodka, Jus de tomates, Jus de citron, Sauce worcestershire, Sauce tabasco, Sel de céleri, Poivre'),
(6, 'Bora bora', 'Réaliser cette recette au shaker. Servir dans un verre contenant des glaçons avec une rondelle d\'orange.', NULL, '10 cl de jus d\'ananas|6 cl de jus de fruits de la passion|2 cl de sirop de grenadine|1 cl de jus de citrons|3 glaçons', 'Jus d\'ananas, Jus de fruits de la passion, Sirop de grenadine, Jus de citron, Glaçon'),
(7, 'Builder', 'Mixer le concombre dans la centrifugeuse, ajouter le jus du citron, le sucre et les glaçons. Servir dans un verre décoré d\'une tranche de citron.', NULL, '1 concombre|1 citron|1 cuillère à soupe de sucre|3 glaçons', 'Concombre, Citron, Sucre, Glaçon'),
(8, 'Caïpirinha', 'Couper le citron vert en deux, puis en quartier en enlevant la partie blanche centrale, responsable de l\'amertume. Mettre le citron découpé et le sucre dans un verre et piler. Ajouter la glace et la cachaça. Mélanger à la cuillère.', NULL, '4 cl de cachaça|1/2 citron vert|1 cuillère à soupe de sucre en poudre|glaçons', 'Cachaça, Citron vert, Sucre en poudre, Glaçon'),
(9, 'Champagne en Boisson', 'Placer les ingrédients directement dans un verre de type flûte à champagne dans l\'ordre suivant : Imbiber le morceau de sucre d\'angostura, puis le mettre au fond d\'une flûte à champagne. Verser doucement le cognac (il doit recouvrir le morceau de sucre). Compléter avec du champagne bien frais.', NULL, '1 morceau de sucre roux|3 traits d\'angostura|1 cl de cognac|c 8 cl de champagne', 'Sucre roux, Angostura, Cognac, Champagne'),
(10, 'Citrouillette (Boisson au champagne)', 'Verser 1/3 de Nouilly Prat dans un verre puis 2/3 de Champagne bien frais. Déguster, c\'est excellent.', NULL, 'noilly prat|champagne', 'Noilly Prat, Champagne'),
(11, 'Boisson Bacardi', '1. Mettez le bacardi,le sirop de grenadine et le jus de citron dans un shaker.Secouez énergiquement. 2. Versez dans des verres et servez aussitôt.', NULL, '24 cl de rhum bacardi|6 cl de sirop de grenadine|12 cl de jus de citron', 'Rhum, Sirop de grenadine, Jus de citron'),
(12, 'Boisson Bacardi, grenadine, citron', 'Mettez le sirop de grenadine,le jus de citron et le Bacardi dans un shaker. Secouez fortement. Versez dans des verres et servez tout de suite.', NULL, '24 cl de rhum bacardi|6 cl de sirop de grenadine|12 cl de jus de citron', 'Rhum, Sirop de grenadine, Jus de citron'),
(13, 'Boisson Balalaïka', 'Verser les alcools et le jus de citron dans un verre haut, sur des glaçons. Décorer avec les rondelles de citron.', NULL, '4 cl de vodka|2 cl de cointreau|4 cl de jus de citron|rondelles de citron|quelques glaçons', 'Vodka, Cointreau, Jus de citron, Citron, Glaçon'),
(14, 'Boisson Cava Vodka Lemon', ' Mélanger la vodka et le sirop de citron vert. Verser le cava dans une flûte. Ajouter délicatement le mélange vodka citron vert. Décorer avec le zeste de citron vert. ', NULL, '10 cl de cava|2 cl de vodka|2 cl de sirop de citron vert|1 zeste de citron vert', 'Cava, Vodka, Citron vert, Zeste de citron vert'),
(15, 'Boisson Champagne et saké', ' Dans une flûte à Champagne, verser 4 cl de saké et compléter avec le Champagne. Ajouter un brin de coriandre par verre. A votre santé. ', NULL, '75 cl de champagne|16 cl de saké|4 brins de coriandre fraîche', 'Champagne, Saké, Coriandre'),
(16, 'Boisson Eau de mer', 'Dans un grand récipient mélanger le triple sec, le curacao, le pulco citron, le pulco orange et le sucre de canne. Ensuite, ajouter les bouteilles de mousseux bien fraîches. Servir aussitôt.', NULL, '6 bouteilles de mousseux|20 cl de curaçao|70 cl de triple sec|35 cl de sirop de citrons|35 cl de sirop d\'oranges|25 cl de sucre de canne', 'Vin effervescent, Curaçao, Triple sec, Sirop de citrons, Sirop d\'oranges, Sucre de canne en poudre'),
(17, 'Boisson Fraisalia (sans alcool)', ' Placer dans un saladier les fraises coupées en morceaux, le jus d\'orange et le sirop de fraise. Laisser reposer au frais au moins 2 heures. Au moment de servir, ajouter le limonade et les glaçons. ', NULL, '500 g de fraises|50 cl de jus d\'orange|10 cl de sirop de fraise|2 l de limonade|10 glaçons', 'Fraise, Jus d\'orange, Sirop de fraises, Limonade, Glaçon'),
(18, 'Boisson Grand Paradis', 'Mélanger au shaker le cognac et le jus d\'abricot. Verser dans un verre (type verre tulipe) et remplir de champagne.', NULL, '1 cl de cognac|c 5 cl de jus d\'abricot|10 cl environ de champagne', 'Cognac, Jus d\'abricots, Champagne'),
(19, 'Boisson Lion rouge', ' Remplir un shaker de glaçons, y verser les différents alcools. Fermer, puis agiter fortement quelques secondes. Servir. ', NULL, '2 cl de whisky|2 cl de crème de cassis|2 traits de bénédictine|2 traits de pastis|glaçons', 'Whisky, Crème de cassis, Bénédictine, Pastis, Glaçon'),
(20, 'Boisson MAP', 'Mettre les flûtes au congélateur. Presser le pamplemousse ou ouvrir la bouteille ou le berlingot... Verser 1/3 martini, 2/3 jus de pamplemousse et 1 trait d\'angustura. Pour la déco : poser sur chaque verre une torsade de pain aux graines de pavot et sucre dorée au four mais pétrie d\'amour et à la MAP of course...', NULL, '1/3 de martini blanc|1 trait d\'angostura|2/3 de jus de pamplemousse', 'Martini blanc, Angostura, Jus de pamplemousse'),
(21, 'Boisson MTS', 'Dans un grand pichet, verser tous les ingrédients et les mélanger. Laisser reposer une heure au réfrigérateur. A déguster très frais.', NULL, '50 cl de martini|25 cl de triple sec|c 25 cl de sucre de canne|50 cl de jus de fruits multivitaminés', 'Martini, Triple sec, Sucre de canne en poudre, Jus multivitaminé'),
(22, 'Boisson Madras', 'Mélanger le jus d\'orange avec le vin blanc. Verser le mélange dans des verres. Ajouter un filet de sirop de grenadine.', NULL, '40 cl jus d\'orange|20 cl de vin blanc|sirop de grenadine', 'Jus d\'orange, Vin blanc, Sirop de grenadine'),
(23, 'Boisson Mexicain à ma façon', 'Mélanger les jus de goyave et d\'ananas. Ajouter la téquila et le jus de pomme. Mélanger. Ajouter le sucre vanillé et secouer jusqu\'à ce que le sucre soit fondu. Ciseler les feuilles de menthe et les incorporer au Boisson. Réserver au frigo pendant 12 à 24 heures. Attention, l\'alcool de la téquila s\'évanouit vite. On ne le sent presque plus au bout de 48 heures, ne le préparer donc pas trop tôt. Filtrer le mélange et servir bien frais.', NULL, '40 cl de tequila|1 l de jus de goyave|1 l de jus d\'ananas|30 cl de jus de pomme|1 sachet de sucre vanillé|3 ou 4 feuilles de menthe', 'Tequila, Jus de goyave, Jus d\'ananas, Jus de pommes, Sucre vanillé, Menthe'),
(24, 'Boisson Pomabricotine', 'Mélanger tous les ingrédients, mettre au frais et ajouter l\'eau gazeuse fraîche au dernier moment pour conserver le pétillant.', NULL, '45 cl de jus d\'abricots|45 cl de jus de pommes|35 cl d\'eau gazeuse|2.5 cl de liqueur|5 cl de sirop de grenadine', 'Jus d\'abricots, Jus de pommes, Eau gazeuse, Liqueur, Sirop de grenadine'),
(25, 'Boisson Pomenas', 'Verser les jus dans une cruche, ajouter les framboises pour donner la couleur et des glaçons pour la fraîcheur. Servir frais.', NULL, '20 cl de jus de pamplemousse|20 cl de jus d\'ananas|20 cl de jus de pommes|quelques framboises|des glaçons', 'Jus de pamplemousse, Jus d\'ananas, Jus de pommes, Framboise, Glaçon'),
(26, 'Boisson Whisky Cranberries', 'Simplement mélanger le tout et... Santé!', NULL, '1 dose de whisky|2 doses de jus de cranberries', 'Whisky, Jus de canneberge'),
(27, 'Boisson anapomise', 'Mélangez tous les ingrédients et servir bien frais.', NULL, '25 cl de jus de cerises|25 cl de jus de pommes|25 cl de jus d\'ananas|2,5 cl d\'alcool de prune|2,5 cl de sirop de sucre de canne', 'Jus de cerises, Jus de pommes, Jus d\'ananas, Alcool de prune, Sirop de sucre de canne'),
(28, 'Boisson apéritif', 'Mélanger tous les ingrédients et servir très frais.', NULL, '2 l de vin blanc sec|200 g sucre|2 citrons|2 oranges|2 grands verres de rhum|1 grande bouteille de perrier', 'Vin blanc sec, Sucre, Citron, Orange, Rhum, Perrier'),
(29, 'Boisson apéritif aux framboises', 'Mélanger le vin blanc, les mousseux et le sucre. Ajouter les framboises surgelées... Déguster bien frais...', NULL, '1 l de vin blanc|2 l de mousseux|250 g de framboises surgelées|4 à 5 cuillères à soupe de sucre', 'Vin blanc, Vin effervescent, Framboise, Sucre'),
(30, 'Boisson au Martini', 'Mélanger les liquides. Couper le citron en gros morceaux et l\'ajouter. Servir très frais avec des glaçons.', NULL, '1 l de martini blanc|1.5 l de schweppes aux agrumes|1 citron', 'Martini, Agrume, Citron'),
(31, 'Boisson au cidre', ' Mélanger le cassis et le cointreau. Tenir au frais tous les ingrédients. Et au dernier moment ajouter le cidre. ', NULL, '1 bouteille de cidre brut|1/2 verre de crème de cassis|1/2 verre de cointreau', 'Cidre brut, Crème de cassis, Cointreau'),
(32, 'Boisson au kumquat et au litchi', ' Mixer au mixeur tous les fruits ainsi que l\'eau jusqu\'à obtenir un mélange homogène. Ajouter le litre de limonade. Mettre au réfrigérateur 1 h. ', NULL, '5 kumquats|5 litchis|1 clémentine|1/2 orange|1/2 l d\'eau|1 l de limonade', 'Kumquat, Litchi, Clémentine, Orange, Eau, Limonade'),
(33, 'Boisson au limoncello', 'Verser le rhum ambré dans le verre. Presser les 2 oranges, puis ajouter le jus au rhum. Ajouter ensuite le trait de Limoncello, remuer et ajouter quelques glaçons. C\'est prêt !', NULL, '2 oranges|5 cl de rhum ambré|1 trait de limoncello|glaçons', 'Orange, Rhum ambré, Limoncello, Glaçon'),
(34, 'Boisson aux agrumes sans alcool', ' Mesurer chacun des ingrédients et les verser dans un shaker. Bien secouer. Verser le tout dans un verre à Boisson ou une flûte à champagne. Réitérer l\'opération pour chaque personne. ', NULL, '6 cl jus d\'orange|4.5 cl jus de citron jaune|2 cuillères à café de sirop de grenadine ou de fraise', 'Jus d\'orange, Jus de citron, Fraise'),
(35, 'Boisson aux framboise', 'La veille : mettre les framboises, le citron en tranches, 3 verres de sirop de sucre de canne, le kirsch et la moitié de la limonade dans un gros recipient, puis laisser macérer au frigo. Mettre le reste de limonade et les bouteilles de crémant au frigo. Juste avant de servir : Rajouter à la préparation de la veille le reste de limonade et les bouteilles de Crémant. Goûter et rajouter du sucre de canne si besoin car certain crémants son plus amers que d’autre.', NULL, '450 g de framboise surgelés|1 bouteille de sirop de sucre de canne|50 cl de kirsch|1 l de limonade|1 citron|3 bouteilles de crémant d’alsace', 'Framboise, Sirop de sucre de canne, Kirsch, Limonade, Citron, Crémant'),
(36, 'Boisson bulles de melon', 'Otez les pépins des melons et mixez le melon. Pressez le citron. Mélangez le tout avec le vin pétillant, puis rajoutez des glacons et sucrez à votre goût. Servez de suite.', NULL, '2 melons|1 bouteille de crémant ou de champagne|sirop de sucre de canne|1 citron|glaçons', 'Melon, Crémant, Sirop de sucre de canne, Citron, Glaçon'),
(37, 'Boisson café au lait', 'Dans un shaker, verser tous les ingrédients + 2 glaçons. (répartir les autres glaçons dans le verre). Agiter le shaker jusqu\'à ce que les glaçons soient quasimment fondus. Verser dans un verre large voire évasé afin d\'obtenir une mousse onctueuse.', NULL, '4 à 6 cl de liqueur de café|4 à 6 cl de whisky|30 cl de lait|2 à 6 cl de sucre de canne|4 glaçons', 'Liqueur de café, Whisky, Lait, Sucre de canne en poudre, Glaçon'),
(38, 'Boisson cardinal', 'Dans un shaker, remplir de glace à moitié.Verser les ingrédients. Frapper. Servir dans un verre à Boisson et ajouter un zeste de citron.', NULL, 'glace pilée|3 cl de campari|3 cl de noilly prat original dry|3 cl de gin', 'Glace pilée, Campari, Noilly Prat, Gin'),
(39, 'Boisson champagne menthe citron vert', ' Mettre dans un verre des glaçons à volonté. Ajouter une feuille découpée en deux et une entière pour la déco. Joindre le jus de citron vert et submerger de Champagne. Laisser reposer 2 min le temps que la saveur monte. Puis savourer ! ', NULL, '1 bouteille de champagne|glaçons|1 cuillère à café de jus de citron vert|2 feuilles de menthe|1 zeste de citron', 'Champagne, Glaçon, Jus de citrons verts, Menthe, Zeste de citron'),
(40, 'Boisson champanisé', 'Dans un grand récipient, verser le Cointreau, le jus des citrons avec leur pulpe et le sirop de sucre de canne. Verser le mousseux en dernier. Ajouter des glaçons. Servez dans des verres frais (l\'idéal est de les placer au réfrigérateur avant).', NULL, '4 bouteilles de mousseux|1/2 bouteille cointreau|10 citrons pressés avec pulpe|2 verres de sirop de sucre de canne|des glaçons', 'Vin effervescent, Cointreau, Citron, Sirop de sucre de canne, Glaçon'),
(41, 'Boisson citron-menthe (sans alcool)', 'Mettre dans un shaker, avec de la glace, le sirop de menthe, le sirop de sucre et les jus de citron. Bien agiter. Verser dans un verre, décorer d\'une branche de menthe et d\'une tranche de citron.', NULL, '4 cl de sirop de menthe|1 trait de sirop de sucre de canne|2 cl de jus de citron vert|3 cl de jus de citron jaune|1 branche de menthe fraîche|1 tranche de citron', 'Sirop à la menthe, Sirop de sucre de canne, Jus de citrons verts, Jus de citron, Menthe, Tranche de citron'),
(42, 'Boisson coco', 'Mettre le tout dans un mixeur et dégustez.', NULL, '30 cl de vodka|1/2 l de lait|2 boules de glace à la noix de coco|2 boules de vanille|sirop de coco ou sirop de sucre de canne|5 glaçons', 'Vodka, Lait, Crème glacée à la noix de coco, Vanille, Sirop de sucre de canne, Glaçon'),
(43, 'Boisson coco des amoureux', 'Percer la noix de coco en 3 endroits sur le dessus, et vider l\'eau à l\'intérieur. Remplir entièrement de rhum blanc. Boucher les trous en retaillant un bouchon de liège, et fermer hermétiquement en faisant couler de la cire de bougie dessus.Ranger debout, au frigo, pendant 3 semaines.', NULL, '1 noix de coco|rhum blanc', 'Noix de coco, Rhum blanc'),
(44, 'Boisson crème de coco et banane', 'Dans le fond d\'un verre verser 3 cuillères à café de crème de coco. Diluer avec du jus de banane jusqu\'a ce que le liquide ait un aspect uniforme. Ajouter un peu de sirop de cassis et quelques gouttes de jus de citron vert. Servir très frais.', NULL, 'crème de coco|jus de banane|sirop de fraise|citron vert', 'Crème de noix de coco, Jus de bananes, Sirop de fraises, Citron vert'),
(45, 'Boisson de fruits', ' Peler et couper les fruits en morceaux. Les mettre dans le blender (ou tout autre récipient à Boisson), puis mixer le tout, en rajoutant peu à peu l\'eau, jusqu\'à obtention de la consistance voulue (moi j\'aime bien quand c\'est un peu épais). Rajouter ensuite le sucre vanillé et la cassonade, selon le goût. Mixer une dernière fois pour que le sucre s\'intègre bien au mélange. Mettre au frais pendant une petite heure et déguster ! ', NULL, '1 banane|1 pomme|2 kiwis|1 petit bol d\'eau|1 sachet de sucre vanillé|3 cuillères à soupe de cassonade', 'Banane, Pomme, Kiwi, Eau, Sucre vanillé, Cassonade'),
(46, 'Boisson de fruits au citron vert', 'Versez 10 cl de lait de coco et 20 cl de jus multivitaminé dans un shaker. Ajoutez une cuillère à café de jus de citron vert et quelques glaçons. Mélangez bien et servez dans un verre à cockail; décorez avec une rondelle de citron vert.', NULL, '10 cl de de lait de coco|20 cl de jus multivitaminé|1 cuillère à café de jus de citron vert|quelques glaçons|1 rondelle de citron vert', 'Lait de coco, Jus multivitaminé, Jus de citrons verts, Glaçon, Citron vert'),
(47, 'Boisson de jus de fruits pour les enfants', 'Mettre le jus de pomme et le jus d\'ananas dans un grand verre, puis mélanger. Ajouter le sucre et remuer à nouveau, puis ajouter les glaçons. Mettre 5 min au frigo. Au moment de servir, mettre les rondelles d\'ananas et de pommes sur le bord du verre pour la déco.', NULL, '5 cuillères à soupe de jus d\'ananas|3 cuillère à soupe de jus de pommes|2 glaçons|1 rondelle d\'ananas|1 rondelle de pomme|1 cuillère à café de sucre en poudre', 'Jus d\'ananas, Jus de pommes, Glaçon, Ananas, Pomme, Sucre en poudre'),
(48, 'Boisson de pomme ambrée', 'Taillez une pomme en fines tranches et arrosez-les avec le jus d\'un citron. Réservez. Mettez 6 glaçons dans votre shaker, versez 10 cl de jus de pomme, 5 cl de calvados et 10 cl de crème de cassis. Agitez pendant 10 secondes. Répartissez dans 4 verres à Boisson, puis remplissez de champagne. Décorez de cassis, pomme et ananas.', NULL, '1 pomme|1 citron|6 glaçons|10 cl de jus de pomme|5 cl de calvados|10 cl de crème de cassis|champagne|un peu de cassis|morceaux de pommes|morceaux d\'ananas', 'Pomme, Citron, Glaçon, Jus de pommes, Calvados, Crème de cassis, Champagne, Cassis, Pomme, Ananas'),
(49, 'Boisson des dimanches de neige', ' Mettre au fond d\'un joli verre, les framboises et le sirop. Ajouter le jus d\'orange et de pamplemousse pressés. Servir bien frais et regarder la neige par la fenêtre en se demandant si, vraiment, on va sortir aujourd\'hui. ', NULL, 'une poignée de framboises|2 cuillères à café de sirop de gratte-cul|1/2 pamplemousse|1 orange', 'Framboise, Sirop de gratte cul, Pamplemousse, Orange'),
(50, 'Boisson des îles Praslin', 'On mélange le tout dans une bouteille. On secoue bien pendant 20 secondes environ et on met au frigo pour que ça soit bien frais au moment de servir. A servir dans des grands verres à Boisson et avec des jolies pailles colorées.', NULL, '40 cl de jus de mangue|30 cl de jus d\'ananas|20 cl de jus de fruit de la passion|10 cl de jus de citron vert|1 cuillère à soupe de sucre', 'Jus de mangue, Jus d\'ananas, Jus de fruit de la passion, Jus de citrons verts, Sucre'),
(51, 'Boisson du verger', 'Dans un grand verre à Boisson, installer les 3 glacons. Verser chaque ingrédient dans l\'ordre énoncé ci-dessus. Bien mélanger et déguster !!', NULL, '4 cl de liqueur d\'abricot|5 cl de liqueur de pomme|12 cl de jus de poire|3 glaçons', 'Liqueur d\'abricot, Liqueur de pommes, Jus de poires, Glaçon'),
(52, 'Boisson exotique au fruit de la passion', 'Dans un shaker, mélanger le sirop de curaçao, le sirop de fruit de la passion et le jus de citron. Bien secouer puis verser le mélange obtenu dans un récipient. Incorporer le litre de limonade et bien mélanger. Ajouter les 5 glaçons et servir.', NULL, '1 l de limonade|35 cl de sirop de curaçao|35 cl de sirop de fruit de la passion|20 cl de jus de citron|5 glaçons', 'Limonade, Curaçao, Sirop de fruit de la passion, Jus de citron, Glaçon'),
(53, 'Boisson glacé tropical', 'Mixez tous les ingrédients (sauf le coulis) jusqu\'à ce que le mélange soit bien onctueux. Décorez votre verre d\'un peu de coulis, et versez votre préparation dans ce même verre.', NULL, '10 cl du jus de citron vert|10 cl de jus de mangue|1/2 banane|100 g de glace à la mangue|coulis de framboise', 'Jus de citrons verts, Jus de mangue, Banane, Mangue, Framboise'),
(54, 'Boisson italien prosecco', 'Mélanger les ingrédients juste avant de servir. Verser dans des verres hauts. Éventuellement, préparer une petite brochette avec un litchi et une cerise par personne.', NULL, '75 cl de prosecco|20 litchis|30 cl de jus de litchis|10 cl de jus de baies|1 l à 1,5 l de limonade au pamplemousse pétillante, impérativement', 'Prosecco, Litchi, Jus de litchis, Jus de baies, Limonade'),
(55, 'Boisson la variante (à base de rosé)', 'mélangez le tout Boire très frais &quot;à consommer avec modération&quot;', NULL, '5,33l de vin rosé|0,66l de sirop d\'agrumes|4l de jus d\'orange', 'Vin rosé, Sirop d\'agrumes, Jus d\'orange'),
(56, 'Boisson light fraîcheur à la pastèque', 'Enlevez les pépins de la pastèque. Dans un mixeur, mettez la pastèque coupée en morceaux, le yaourt et le sirop de rose. Mixez le tout ! Servez aussitôt !!!', NULL, '300 g de pastèque|1 yaourt 0%|2 cuillères de sirop de roses', 'Pastèque, Yaourt, Sirop de roses'),
(57, 'Boisson léger au martini', 'Verser le martini dans un grand pichet, ajouter le sucre et faire fondre.Ajouter ensuite les citrons coupés en morceaux et la menthe. Mélanger et mettre au frais au moins 4 heures (une nuit c\'est mieux). Au moment de servir, verser la bouteille d\'eau gazeuse.', NULL, '1 bouteille de martini rosé|1 bouteille d\'eau minérale gazeuse|2 citrons verts|une poignée de feuilles de menthe fraîche|2 cuillères à soupe de sucre', 'Martini rosé, Eau minérale gazeuse, Citron vert, Menthe, Sucre'),
(58, 'Boisson mexicanos', 'Dans un verre à bière, verser un trait de sirop de fraise. Compléter avec la bière, en penchant le verre pour éviter de faire trop de mousse, et verser ensuite le jus d\'ananas. Boire très frais.', NULL, '12 cl de bière &quot;desperados&quot;|12 cl de jus d\'ananas|1 trait de sirop de fraises', 'Bière, Jus d\'ananas, Sirop de fraises'),
(59, 'Boisson mousseux fraise citron vert (sans alcool)', 'Laver, équeuter les fraises.Les mettre dans un mixer.Ajouter le jus des citrons verts et le sucre.Mixer.Verser la limonade et mixer de nouveau.Réserver au frais jusqu\'au moment de servir. Voilà c\'est terminé !!! Bonne dégustation !!', NULL, '400 g de fraises|2 c.à s.de sucre|10 cl de jus de citron vert|30 cl de limonade', 'Fraise, Sucre, Jus de citrons verts, Limonade'),
(60, 'Boisson noix de coco-café', 'Mettre les ingrédients dans un shaker. Agiter énergiquement en maintenant fermement et à deux mains le shaker et ses bouchons. Verser dans de jolis verres à Boisson.Décorer cette préparation de poudre de noisette.', NULL, '2,5 cl malibu coco|2,5 cl lait de coco|2 cl de lait de soja|1 demi tasse à c. de café bien serré|1 cl de sirop de sucre de canne|5 glaçons pillés', 'Malibu, Lait de coco, Lait de soja, Café, Sirop de sucre de canne, Glaçon'),
(61, 'Boisson pamplemousse menthe', 'Retirer le jus des pamplemousses, verser ce jus dans le blender, ajouter le reste des ingrédients et mixer le tout!!', NULL, '1 pamplemousse|2 cuillères à soupe de glace pilée|2 cuillères à soupe de sucre roux|10 feuilles de menthe', 'Pamplemousse, Glace pilée, Sucre roux, Menthe'),
(62, 'Boisson paradise', 'Réunir les ingrédients, hormis le Pisang, dans un shaker. Frapper. Verser dans un verre à Boisson, puis ajouter le Pisang. Servir frais.', NULL, '10 cl de jus d\'orange|4 cl de vodka|2 cl de pisang ambon|2 cl de sucre de canne', 'Jus d\'orange, Vodka, Pisang Ambon, Sucre de canne en poudre'),
(63, 'Boisson pour les amoureux', 'Mélanger tous les ingrédients (si possible préalablement mis au frigo) à la cuillère ou au shaker. Ajouter uniquement avant de servir les framboises (pour qu\'elles gardent leur consistance) ou une heure avant si vous les souhaitées bien imbibées.', NULL, '12 cl de jus d\'oranges|18 cl de cointreau|10 cl de cognac|3 traits de grenadine|10 cl de champagne|quelques framboises', 'Jus d\'orange, Cointreau, Cognac, Grenadine, Champagne, Framboise'),
(64, 'Boisson rose au whisky', '1. Mixez les framboises avec la crème et 15 cl d\'eau glacée.Répartissez le mélange obtenu dans des verres. 2. Ajoutez un trait de whisky et parsemez de pistaches concassées.Décorez d\'une tige de coriandre et réservez au frais jusqu\'au moment de servir.', NULL, '400 g de framboises|6 brins de coriandre fraîche|5 cl de whisky|15 cl de crème fraîche|3 cuillères à soupe de pistaches non salées concassées', 'Framboise, Coriandre, Whisky, Crème fraiche, Pistache'),
(65, 'Boisson rose rosé pamplemousse', ' Dans une grande carafe, versez le sirop de grenadine puis le vin rosé et le jus de pamplemousse. Servir très frais. ', NULL, '1 bouteille de vin rosé|30 cl de jus de pamplemousse rose|5 cl de grenadine', 'Vin rosé, Jus de pamplemousse, Grenadine'),
(66, 'Boisson rose sucré', 'Versez dans le bol d\'un mixeur les framboises et le jus du citron. Mixez pour obtenir un fin coulis. Refroidissez un shaker avec 6 glaçons. Jetez l\'eau puis remettez 2 glaçons, le coulis de framboise filtré, le jus de raisin et le jus d\'orange. Ajoutez 10 secondes puis versez dans 4 verres hauts. Complétez avec le schweppes. Décorez de fruits des bois.', NULL, '150 g de framboises|1 citron|8 glaçons|10 cl de jus de raisin|15 cl de jus d\'orange|schweppes|fruits des bois, baie', 'Framboise, Citron, Glaçon, Jus de raisins, Jus d\'orange, Schweppes, Baie'),
(67, 'Boisson rouge', 'Mélanger dans un verre les proportions suivantes: 40% de liqueur de litchi 20% de liqueur de fraise 40% de jus d\'orange. Et vive l\'apéro!', NULL, 'liqueur de litchi|liqueur de fraise|jus d\'orange', 'Liqueur de litchi, Liqueur de fraises, Jus d\'orange'),
(68, 'Boisson sans alcool Cranberry-orange', 'Mélanger les deux jus. Ajouter les framboises et le jus de citron. Mixer le tout en purée. Servir frappé ou avec quelques glaçons. Décorer vos verres d\'une rondelle de citron ou d\'orange. A votre santé !', NULL, '25 cl de jus de cranberry|10 cl de jus d\'orange|150 g de framboises|2 rondelles de citron ou d\'orange|1 cuillère à soupe de jus de citron', 'Jus de canneberge, Jus d\'orange, Framboise, Citron, Jus de citron'),
(69, 'Boisson sans alcool KidiCana', 'Ciseler la citronnelle. Mettre tous les ingrédients dans un shaker. Ajouter la moitié de la glace pilée. Secouer et verser dans un verre garni du reste de la glace pilée. A votre santé !', NULL, '5 cl de jus de pomme pétillant kidibul|gingembre|1 cl de sirop de cassis|1 brin de citronnelle|1 pointe de couteau de gingembre en poudre|5 à 6 cuillères à soupe de glace pilée', 'Jus de pommes, Gingembre, Sirop de cassis, Citronnelle, Gingembre, Glace pilée'),
(70, 'Boisson sans alcool Sweet Melon', 'Couper la chair du melon en dès. Presser les citrons verts. Verser tous les jus de fruits dans un saladier. Ajouter les dès de melon et laisser reposer au frais pendant 2 heures. Ajouter l\'eau pétillante juste avant de servir.', NULL, '1 melon vert ovale|2 citrons verts|1 litre de jus d\'oranges|1 litre de jus d\'ananas|1/2 litre d\'eau pétillante', 'Melon vert, Citron vert, Jus d\'orange, Jus d\'ananas, Eau gazeuse'),
(71, 'Boisson sans alcool Tropical Sunshine', 'Verser les jus de fruits bien frais et le sirop de cassis dans un verre large. Ajouter quelques glaçons et parsemer de noix de coco râpée.', NULL, '10 cl de jus d\'ananas|5 cl de jus d\'oranges|2 cl de sirop de cassis|1 cuillère à café de noix de coco râpée|glaçons', 'Jus d\'ananas, Jus d\'orange, Sirop de cassis, Noix de coco, Glaçon'),
(72, 'Boisson tropical délicieux', 'Pour 1 verre : verser 5 cl de malibu, ajouter ensuite 1/3 de pamplemousse, 1/3 d\'orange et 1/3 d\'ananas ; ajouter ensuite un zeste de jus de citron et 1 trait de grenadine pour la déco.', NULL, '1/4 de l de jus d\'orange|1/4 de litre de jus de pamplemousse|1/4 de litre de jus d\'ananas|1 gros citron|20 cl de malibu|sirop de grenadine', 'Jus d\'orange, Jus de pamplemousse, Jus d\'ananas, Citron, Malibu, Sirop de grenadine'),
(73, 'Boisson white russian', ' Mettre dans un blender 20 cl de crème de café, 30 cl de vodka et 30 cl de lait. Rajouter des glaçons et mixer quelques secondes afin que le lait mousse. Déguster ce Boisson bien frais ! ', NULL, '30 cl de vodka|20 cl de crème de café|30 cl de lait entier|quelques glaçons', 'Vodka, Crème de café, Lait entier, Glaçon'),
(74, 'Coconut kiss', 'Mélangez les ingrédients dans un shaker. Servir dans un verre décoré d\'un morceau d\'orange et un tranche d\'ananas', NULL, '3 cl de jus d\'ananas|4 cl de jus d\'oranges|2 cl de sirop de noix de coco|3 cl de crème fraîche|1 tranche d\'ananas|1 morceau d\'orange', 'Jus d\'ananas, Jus d\'orange, Sirop de noix de coco, Crème fraiche, Ananas, Orange'),
(75, 'Creole cream (Boisson)', 'Verser le rhum blanc, le vermouth, le jus de citron, puis la grenadine.', NULL, '1 tiers de rhum blanc|1 tiers de vermouth frais mais non glacé|jus de citron|grenadine', 'Rhum blanc, Vermouth, Jus de citron, Grenadine'),
(76, 'Cuba libre', 'Extraire le jus du citron vert en le pressant. Ajouter les cubes de glace, puis le coca, et remuer', NULL, '6 cl de rhum blanc|1/2 citron vert|15 cl de coca-cola|glaçons', 'Rhum blanc, Citron vert, Coca-cola, Glaçon'),
(77, 'Frosty lime', 'Mixer les ingrédients et servir le mélange dans un verre à coupe décoré d\'une feuille de menthe.', NULL, '1 boule de sorbet citron vert|2 cl de jus de pamplemousse|2 cl de sirop à la menthe|menthe fraîche', 'Sorbet citron vert, Jus de pamplemousse, Sirop à la menthe, Menthe'),
(78, 'Gin fizz facile', 'Mettez tous les ingrédients dans un shaker puis agitez énergiquement jusqu\'à ce que les parois du shaker se couvrent de buée. Versez le contenu du shaker dans les deux verres puis allongez d\'eau gazeuse. Servez frais avec de la glace pilée, une paille et une rondelle de citron vert.', NULL, '6 cl de gin|1/2 citron vert|1 cuillère à café de sirop de sucre de canne|eau gazeuse', 'Gin, Citron vert, Sirop de sucre de canne, Eau gazeuse'),
(79, 'Ginger cosmo', 'Cette recette se prépare au shaker et avec un pilon. Peler le gingembre et le concasser grossièrement. Le piler dans le fond du shaker afin de faire ressortir un maximum de jus. Ajouter les autres ingrédients avec des glaçons, fermer le shaker puis shaker pendant au moins 10 secondes. Verser dans un verre à Boisson type martini en filtrant bien.', NULL, '12 g de gingembre frais de préférence|3 cl de vodka|2 cl de triple sec|2,5 cl de jus de citrons verts|2 cl de jus de cranberry', 'Gingembre, Vodka, Triple sec, Jus de citrons verts, Jus de canneberge'),
(80, 'Grand Marnier sour (Boisson)', ' Dans un shaker mettre le Grand Marnier et le jus de citron, frappez et servir dan un grand verre à Boisson ', NULL, '3 cl de grand marnier cordon rouge|3 cl de jus de citron', 'Grand marnier, Jus de citron'),
(81, 'Hulk ( Boisson )', 'Mélanger tous les ingrédients précités dans une petite coupe à Boisson. Ajouter un glaçon ou deux et ... déguster !!', NULL, '7 cl de martini blanc|5 cl de get 27|6 cl de jus de pamplemousse', 'Martini blanc, Get 27, Jus de pamplemousse'),
(82, 'Le baiser de la Schtroumpfette', 'Verser tous les ingrédients dans l\'ordre dans un verre à martini ou à Boisson et servir très très frais!', NULL, '2cl de vodka|2cl de curaçao|5cl de limonade|5cl de jus de banane', 'Vodka, Curaçao, Limonade, Jus de bananes'),
(83, 'Le vandetta', 'Lavez et équeutez les fraises. Mixer tous les ingrédients et servez dans un verre rapidement.', NULL, '15 cl de jus d\'ananas|2 cl de sirop d\'orgeat|2 cl de sirop de fraises|5 fraises', 'Jus d\'ananas, Sirop d\'orgeat, Sirop de fraises, Fraise'),
(84, 'Margarita', 'Dans un shaker, frapper les ingrédients avec des glaçons puis verser dans un verre givré au citron et au sel fin.', NULL, '5 cl de tequila|3 cl de triple sec|2 cl de jus de citrons verts|sel', 'Tequila, Triple sec, Jus de citrons verts, Sel'),
(85, 'Margarita à la fraise', ' Laver et équeuter les fraises. Mettre les glacons dans un robot et mixer avec les fraises. Presser les citrons verts. Mettre la téquila, le cointreau et le jus de citron dans un doseur avec les 2 cuillères à soupe de sucre. Mélanger puis verser dans le mixer avec la glace pilée et les fraises. Décorer les verres de sucre (mouiller les verres dans du jus de citron puis les tremper dans du sucre). Répartir le Boisson dans les verres et santé ! ', NULL, 'glace pilée|2 à 3 citrons verts|1 barquette de fraise fraîche|20 cl de tequila|12 cl de cointreau ou triple x|2 cuillères à soupe de sucre', 'Glace pilée, Citron vert, Fraise, Tequila, Cointreau, Sucre'),
(86, 'Mojito', 'Mettre dans un verre, les feuilles de menthe le sucre et le citron vert coupé en cubes Piler. Ajouter le rhum, de la glce pilé ou des glaçons, l\'eau gazeuse et mélanger.', NULL, '6 cl de rhum cubain|1/2 citron vert|8 feuilles de menthe|eau gazeuse|2 cuillères à café de sucre', 'Rhum, Citron vert, Menthe, Eau gazeuse, Sucre'),
(87, 'Mojito au Basilic', 'Couper une rondelle de Citron Vert et la déposer au fond du verre à Boisson.Mettre des glaçons dans un torchon propre, et les piler avec un marteau.Couper les feuilles de basilic en petits morceaux et les mélanger à la glace pilée.Remplir le verre de glace pilée/basilic aux 2 tiers.Ajouter les 5 cl de rhum, 5 cl de sucre de canne liquide et le jus du reste de citron vert, puis compléter avec l\'eau gazeuse.Saupoudrer de sucre roux.', NULL, '5 cl de rhum blanc|eau gazeuse|5 cl de sirop de sucre de canne|1/2 cuillère de sucre roux|1/2 citron vert|feuilles de basilic|glace pilée ou glaçons', 'Rhum blanc, Eau gazeuse, Sirop de sucre de canne, Sucre roux, Citron vert, Basilic, Glaçon'),
(88, 'Mojito cubain', 'Dans un verre de taille moyenne (contenance 40 cl environ), mettez 3 cuillères à café de sucre de canne. Ajoutez-y le jus d\'1/2 citron vert. Coupez en 3 ou 4 votre branche de menthe et mettez-la dans le verre (le fait de la couper permet à la saveur de la menthe de mieux se diffuser). Ajoutez un peu d\'eau gazeuse (environ 3 cl) puis avec une cuillère à café, remuez bien le tout et écrasez la menthe (insistez sur les branches plus que sur les feuilles, sinon il y aura pleins de petits bouts de menthe assez désagréables au moment de déguster votre Boisson!). Ajoutez 5 glaçons environ. Ensuite versez 6 cl de rhum (en versant à débit moyen). Pour la dose plutôt chargée, comptez jusqu\'à 5; pour la dose légère jusqu\'à 4. Enfin, complétez avec de l\'eau gazeuse.', NULL, '3 cuillères à café de sucre de canne en poudre|1/2 citron vert|1 branche de menthe bien fournie|eau gazeuse|rhum|glaçons', 'Sucre de canne en poudre, Citron vert, Menthe, Eau gazeuse, Rhum, Glaçon'),
(89, 'Negroni Boisson', 'Mélanger les ingrédients dans un verre à whisky (tumbler) et servir.', NULL, '3 volumes de campari|3 volumes de martini rouge|3 volumes de gin|3 gouttes d\'angostura|1 soda|glace pilée|1 rondelle d\'orange pour décorer', 'Campari, Martini rouge, Gin, Angostura, Soda, Glace pilée, Orange'),
(90, 'Pink 3x6 (Boisson sans alcool)', 'Pressez les trois citrons verts et les trois citrons jaunes, mettez le jus dans un saladier. Ajoutez le jus de framboise et de pamplemousse rose. Versez trois cuillères à soupe de sirop de rose. Mélangez et gardez la préparation au frais. Juste avant de servir, versez la limonade bien fraîche et ajoutez les glaçons.', NULL, '3 citrons verts|3 citrons jaunes|3 verres de jus de framboises|3 verres de jus de pamplemousses roses|3 cuillères à soupe de sirop de roses|3 verres de limonade|glaçons', 'Citron vert, Citron, Jus de framboises, Jus de pamplemousse, Sirop de roses, Limonade, Glaçon'),
(91, 'Piña Colada', 'Mélanger tous les ingrédients directement dans un verre, ou dans un blender pour les mixer. C\'est prêt !', NULL, '4 cl de rhum blanc|2 cl de rhum ambré|12 cl de jus d\'ananas|4 cl de lait de coco', 'Rhum blanc, Rhum ambré, Jus d\'ananas, Lait de coco'),
(92, 'Piña Colada (Boisson)', 'Mettre tous les ingrédients, sauf les glaçons, dans un mixer et faire tourner à très grande vitesse pendant 30 sec environ. Mettre les glaçons dans les verres et verser par-dessus la crème obtenue.', NULL, '125 g de crème liquide|150 g de crème de noix de coco|20 cl de jus d\'ananas non sucré|20 cl de rhum blanc|glaçons', 'Crème liquide, Crème de noix de coco, Jus d\'ananas, Rhum blanc, Glaçon'),
(93, 'Porto Flip', 'Dans un shaker, mettre les alcools et le sirop de canne. Ensuite ajouter les épices. Melanger avec une longue cuillère. Rajouter un oeuf et les glacons. Fermer le shaker et mixer. Servir dans un verre a Boisson, saupodrer d\'un peu de cannelle. On peut le faire uniquement avec du porto aussi.', NULL, '4 cl de porto|2 cl de cognac|1 oeuf|cannelle|sirop de canne|noix de muscade|glaçons', 'Porto, Cognac, Oeuf, Cannelle, Sirop de sucre de canne, Noix de muscade, Glaçon'),
(94, 'Punch-sangria de pastèque', 'Laver la pastèque. Découper un &quot;couvercle&quot;, vider la pastèque avec une cuillère {si possible créer des petites boules de la grosseur de billes} Laisser 1/2 cm de chair pour ne pas crever la peau. Refroidir la pastèque vide 1 bonne heure. Réduire la moitié de la pulpe retirée en jus, y ajouter : 1 litre de vin blanc les feuilles de menthe + l orange avec sa peau et les pêches en fines tranches, laisser macérer 3 heures au réfrigérateur dans un récipient fermé. Au moment de servir ce Boisson, verser dans la pastèque avec quelques feuilles de menthe et des petites billes de pastèque.', NULL, '1 pastèque de 2 kg|1 orange|2 pêches|6 fraises|10 feuilles de menthe|1 l de vin blanc au choix|1/2 cuillère à café de gingembre frais ou en poudre|curaçao ou rhum', 'Pastèque, Orange, Pêche, Fraise, Menthe, Vin blanc, Gingembre, Rhum'),
(95, 'Raifortissimo', 'Mixez tous les ingrédients et versez dans un verre.', NULL, '5 cl de jus de pommes|3 cl de jus de citrons verts|10 g de raifort|1 kiwi|3 glaçons', 'Jus de pommes, Jus de citrons verts, Raifort, Kiwi, Glaçon'),
(96, 'Rainbow', 'Recette pour 10 verres. versez la grenadine dans le shaker, remplissez le shaker de glaçons aux 2/3, versez la vodka, versez le jus d\'orange. Finissez de remplir le shaker de glaçons. Versez délicatement le curaçao, de mélangez pas, versez en filtrant dans tous les verres alignés sans vous arrêter. Servir dans des verres de type &quot;shooter&quot;. La couleur du contenu de chaque verre sera différente en créant un très bel effet visuel dégradé de type arc-en-ciel d\'un verre à l\'autre. Appelé aussi Rainbow Shot, ou Double Rainbow.', NULL, '10 cl de jus d\'orange|3 cl de vodka|3 cl de sirop de grenadine|2 cl de curaçao bleu', 'Jus d\'orange, Vodka, Sirop de grenadine, Curaçao bleu'),
(97, 'Red Boisson', 'Verser tous les ingrédients, hormis le sirop de fraise, dans un shaker avec 3 cubes de glace. Secouer pendant 20 secondes. Verser dans le verre, et ajouter le sirop de fraise.', NULL, '2 cl de sirop de fraise|10 cl de jus de pêche|4 cl de vodka|2 cl de liqueur de poire|glaçons', 'Sirop de fraises, Jus de pêches, Vodka, Liqueur de poire, Glaçon'),
(98, 'Rhum arrangé à la pomme', 'Dans une bouteille, mélanger les 25 cl de rhum ambré avec le litre de jus de Pomme et compléter par une rasade de Sucre de canne. Aromatisé de cannelle ou autre suivant vos goûts, puis laisser reposer au moins une journée pour que la macération soit complète.', NULL, '25 cl de rhum|1 l de jus de pommes|10 cl de sucre de canne|cannelle', 'Rhum, Jus de pommes, Sucre de canne en poudre, Cannelle'),
(99, 'Rince-gouttes (Boisson)', 'Dans un grand saladier, commencer par mettre la crème de cassis, ensuite ajoutez le cognac et finalement la bouteille de cidre. Ajoutez en dernier lieu les glaçons pour que l\'apéro reste frais.', NULL, '1,5 l de cidre|25 cl de cognac|25 cl de crème de cassis|glaçons', 'Cidre de pommes, Cognac, Crème de cassis, Glaçon'),
(100, 'Sangria sans alcool', 'Mélangez le sirop et les jus dans un grand récipient. Ajoutez ensuite les fruits de saisons coupés en petits morceaux. Mettez le tout au réfrigérateur pendant 4h avant de servir.', NULL, '8 cl de sirop de sangria|100 cl de jus de raisins|20 cl de jus d\'oranges|10 cl de jus de citrons|fruits de saisons', 'Sirop de sangria, Jus de raisins, Jus d\'orange, Jus de citron, Fruit'),
(101, 'Screwdriver', 'Dans un verre, mélanger la vodka et le jus d\'orange.', NULL, '4 cl de vodka|12 cl de jus d\'orange', 'Vodka, Jus d\'orange'),
(102, 'Shoot up', 'Versez le mangalore et le sirop d\'abricot dans un verre et finissez par l\'eau gazeuse bien fraiche.', NULL, '1 cl de mangalore|eau gazeuse|3 cl de sirop d\'abricot', 'Mangalore, Eau gazeuse, Sirop d\'abricot'),
(103, 'Shot piquant', ' Dans un petit verre (environ 4 cm de diamètre et 5 cm de hauteur), versez 3 mm de sirop de grenadine. Ajoutez 4-6 gouttes de tabasco, puis versez très lentement 2-3 cm de vodka (froide, de préférence), pour ne pas mélanger les ingrédients. Ce Boisson se boit \"cul-sec\". On sent relativement peu l\'alcool au départ, car la grenadine est au fond du verre. Après quelques secondes, on ressent le piquant du tabasco. ', NULL, 'sirop de grenadine|tabasco|vodka', 'Sirop de grenadine, Sauce tabasco, Vodka'),
(104, 'Soupe au Champagne (Boisson)', 'Verser dans un récipient le Cointreau, le sucre de canne et le jus de citron. Faire macérer pendant une nuit. Ajouter le Champagne au moment de servir avec les glaçons.', NULL, '8 cl de cointreau|16 cl de sirop de sucre de canne|2 citrons verts pressés|1 bac de glaçons|75 cl de champagne', 'Cointreau, Sirop de sucre de canne, Citron vert, Glaçon, Champagne'),
(105, 'Tequila sunrise', 'Verser la tequila sur des glaçons dans le verre. Compléter avec le jus d\'orange et remuer. Verser doucement le sirop de grenadine dans le verre pour qu\'il tombe au fond.', NULL, '6 cl de tequila|12 cl de jus d\'orange|2 cl de sirop de grenadine', 'Tequila, Jus d\'orange, Sirop de grenadine'),
(106, 'Ti\'punch', 'Couper les extrémités du citron vert et couper le en demi-rondelles. Mettre 4 demi-rondelles dans un verre et écraser avec un pilon ou une cuillère. Ajouter le rhum et le sirop de sucre de canne. Ajouter de la glace pilée et mélanger.', NULL, '6 cl de rhum blanc|2 cl de sirop de sucre de canne|citron vert|glace pilée', 'Rhum blanc, Sirop de sucre de canne, Citron vert, Glace pilée'),
(107, 'Tutti Boisson', 'Mélanger au shaker puis ajouter les glaçons. Pour un petit effet, mettre le sirop de fraise après le mélange.', NULL, '2 cl de sirop de fraise|2 cl de sirop de pêche|4 cl de vodka|4 cl de liqueur de pomme|5 glaçons', 'Fraise, Sirop de pêche, Vodka, Liqueur de pommes, Glaçon'),
(108, 'Virevoltage', 'Dans un verre à Boisson rempli de glaçons, mettre le Malibu et le Soho. Remplir la moitié du verre de jus d\'ananas et l\'autre moitié de jus de pomme, ajouter une goutte de sirop de fraise ou grenadine. Servir très frais. Bon cokctail à tous!', NULL, '1 cl de malibu|1 cl de liqueur de litchi|jus d\'ananas|jus de pomme|sirop de fraise', 'Malibu, Liqueur de litchi, Jus d\'ananas, Jus de pommes, Sirop de fraises');

-- --------------------------------------------------------

--
-- Structure de la table `users`
--

CREATE TABLE `users` (
  `user_id` int(11) NOT NULL,
  `login` varchar(255) NOT NULL,
  `password` varchar(255) NOT NULL,
  `first_name` varchar(255) DEFAULT NULL,
  `last_name` varchar(255) DEFAULT NULL,
  `gender` varchar(10) DEFAULT NULL,
  `email` varchar(255) DEFAULT NULL,
  `birthdate` date DEFAULT NULL,
  `address` varchar(255) DEFAULT NULL,
  `postal_code` varchar(10) DEFAULT NULL,
  `city` varchar(255) DEFAULT NULL,
  `phone_number` varchar(20) DEFAULT NULL
) ENGINE=InnoDB DEFAULT CHARSET=utf8mb4 COLLATE=utf8mb4_general_ci;

--
-- Index pour les tables déchargées
--

--
-- Index pour la table `favoriterecipes`
--
ALTER TABLE `favoriterecipes`
  ADD PRIMARY KEY (`user_id`,`recipe_id`),
  ADD KEY `recipe_id` (`recipe_id`);

--
-- Index pour la table `foodhierarchy`
--
ALTER TABLE `foodhierarchy`
  ADD PRIMARY KEY (`food_id`);

--
-- Index pour la table `hierarchyrelationships`
--
ALTER TABLE `hierarchyrelationships`
  ADD PRIMARY KEY (`parent_food_id`,`child_food_id`),
  ADD KEY `child_food_id` (`child_food_id`);

--
-- Index pour la table `ingredients`
--
ALTER TABLE `ingredients`
  ADD PRIMARY KEY (`ingredient_id`);

--
-- Index pour la table `recipes`
--
ALTER TABLE `recipes`
  ADD PRIMARY KEY (`recipe_id`);

--
-- Index pour la table `users`
--
ALTER TABLE `users`
  ADD PRIMARY KEY (`user_id`),
  ADD UNIQUE KEY `login` (`login`);

--
-- AUTO_INCREMENT pour les tables déchargées
--

--
-- AUTO_INCREMENT pour la table `foodhierarchy`
--
ALTER TABLE `foodhierarchy`
  MODIFY `food_id` int(11) NOT NULL AUTO_INCREMENT, AUTO_INCREMENT=240;

--
-- AUTO_INCREMENT pour la table `ingredients`
--
ALTER TABLE `ingredients`
  MODIFY `ingredient_id` int(11) NOT NULL AUTO_INCREMENT, AUTO_INCREMENT=213;

--
-- AUTO_INCREMENT pour la table `recipes`
--
ALTER TABLE `recipes`
  MODIFY `recipe_id` int(11) NOT NULL AUTO_INCREMENT, AUTO_INCREMENT=109;

--
-- AUTO_INCREMENT pour la table `users`
--
ALTER TABLE `users`
  MODIFY `user_id` int(11) NOT NULL AUTO_INCREMENT;

--
-- Contraintes pour les tables déchargées
--

--
-- Contraintes pour la table `favoriterecipes`
--
ALTER TABLE `favoriterecipes`
  ADD CONSTRAINT `favoriterecipes_ibfk_1` FOREIGN KEY (`user_id`) REFERENCES `users` (`user_id`),
  ADD CONSTRAINT `favoriterecipes_ibfk_2` FOREIGN KEY (`recipe_id`) REFERENCES `recipes` (`recipe_id`);

--
-- Contraintes pour la table `hierarchyrelationships`
--
ALTER TABLE `hierarchyrelationships`
  ADD CONSTRAINT `hierarchyrelationships_ibfk_1` FOREIGN KEY (`parent_food_id`) REFERENCES `foodhierarchy` (`food_id`),
  ADD CONSTRAINT `hierarchyrelationships_ibfk_2` FOREIGN KEY (`child_food_id`) REFERENCES `foodhierarchy` (`food_id`);
COMMIT;

/*!40101 SET CHARACTER_SET_CLIENT=@OLD_CHARACTER_SET_CLIENT */;
/*!40101 SET CHARACTER_SET_RESULTS=@OLD_CHARACTER_SET_RESULTS */;
/*!40101 SET COLLATION_CONNECTION=@OLD_COLLATION_CONNECTION */;
